{"cameraMode":{"drawMode":0,"name":"Shaded","section":"Shading Mode"},"sceneLighting":false,"audioPlay":false,"sceneViewState":{"showFog":false,"showMaterialUpdate":false,"showSkybox":false,"showFlares":false,"showImageEffects":false,"showParticleSystems":false},"in2DMode":false,"pivot":{"x":-0.627285361289978,"y":1.701852798461914,"z":-5.960464477539063e-8},"rotation":{"x":0.19411444664001466,"y":0.11828037351369858,"z":-0.023584308102726938,"w":0.9735364317893982},"size":7.126286029815674,"orthographic":false}