{"cameraMode":{"drawMode":0,"name":"Shaded","section":"Shading Mode"},"sceneLighting":false,"audioPlay":false,"sceneViewState":{"showFog":false,"showMaterialUpdate":false,"showSkybox":false,"showFlares":false,"showImageEffects":false,"showParticleSystems":false},"in2DMode":false,"pivot":{"x":-12.738418579101563,"y":-4.174217224121094,"z":18.728328704833986},"rotation":{"x":0.19432994723320008,"y":0.4500509798526764,"z":-0.10102318972349167,"w":0.8657276630401611},"size":127.20117950439453,"orthographic":false}