{"cameraMode":{"drawMode":0,"name":"Shaded","section":"Shading Mode"},"sceneLighting":false,"audioPlay":false,"sceneViewState":{"showFog":false,"showMaterialUpdate":false,"showSkybox":false,"showFlares":false,"showImageEffects":false,"showParticleSystems":false},"in2DMode":false,"pivot":{"x":9.930000305175782,"y":2.4600000381469728,"z":-4.579999923706055},"rotation":{"x":0.42623087763786318,"y":-0.01628158986568451,"z":0.007672986481338739,"w":0.9044353365898132},"size":5.7157673835754398,"orthographic":true}