{"cameraMode":{"drawMode":0,"name":"Shaded","section":"Shading Mode"},"sceneLighting":false,"audioPlay":false,"sceneViewState":{"showFog":false,"showMaterialUpdate":false,"showSkybox":false,"showFlares":false,"showImageEffects":false,"showParticleSystems":false},"in2DMode":false,"pivot":{"x":3.7891669273376467,"y":4.684109687805176,"z":-6.897156715393066},"rotation":{"x":0.04521716758608818,"y":0.9538497924804688,"z":-0.23039422929286958,"w":0.1872016191482544},"size":23.209491729736329,"orthographic":false}