{"cameraMode":{"drawMode":0,"name":"Shaded","section":"Shading Mode"},"sceneLighting":false,"audioPlay":false,"sceneViewState":{"showFog":false,"showMaterialUpdate":false,"showSkybox":false,"showFlares":false,"showImageEffects":false,"showParticleSystems":false},"in2DMode":false,"pivot":{"x":-0.8470858335494995,"y":1.3397220373153687,"z":0.0},"rotation":{"x":0.02189837396144867,"y":0.8969739675521851,"z":-0.044715747237205508,"w":0.43927064538002016},"size":6.338831424713135,"orthographic":false}