{"cameraMode":{"drawMode":0,"name":"Shaded","section":"Shading Mode"},"sceneLighting":false,"audioPlay":false,"sceneViewState":{"showFog":false,"showMaterialUpdate":false,"showSkybox":false,"showFlares":false,"showImageEffects":false,"showParticleSystems":false},"in2DMode":false,"pivot":{"x":15.699999809265137,"y":1.590000033378601,"z":-15.600000381469727},"rotation":{"x":0.1688234657049179,"y":0.5342521667480469,"z":-0.1098623126745224,"w":0.8209772109985352},"size":0.900055468082428,"orthographic":false}