{"cameraMode":{"drawMode":0,"name":"Shaded","section":"Shading Mode"},"sceneLighting":false,"audioPlay":false,"sceneViewState":{"showFog":false,"showMaterialUpdate":false,"showSkybox":false,"showFlares":false,"showImageEffects":false,"showParticleSystems":false},"in2DMode":false,"pivot":{"x":-3.8743019104003908e-7,"y":-1.4901161193847657e-7,"z":0.28000134229660036},"rotation":{"x":0.1688234657049179,"y":0.5342521667480469,"z":-0.1098623126745224,"w":0.8209772109985352},"size":2.0183334350585939,"orthographic":false}